<?xml version="1.0" encoding="UTF-8"?>
<project-private xmlns="http://www.netbeans.org/ns/project-private/1">
    <editor-bookmarks xmlns="http://www.netbeans.org/ns/editor-bookmarks/2" lastBookmarkId="0"/>
    <open-files xmlns="http://www.netbeans.org/ns/projectui-open-files/2">
        <group>
            <file>file:/C:/Users/Garzón/OneDrive/Escritorio/Estructura%20De%20Datos/Parcial%20N°2%20Estructura/src/parcial/Operaciones.java</file>
            <file>file:/C:/Users/Garzón/OneDrive/Escritorio/Estructura%20De%20Datos/Parcial%20N°2%20Estructura/src/parcial/Menu.java</file>
            <file>file:/C:/Users/Garzón/OneDrive/Escritorio/Estructura%20De%20Datos/Parcial%20N°2%20Estructura/src/parcial/Nodo.java</file>
        </group>
    </open-files>
</project-private>
